name,parent_table,parent_col,ref_table,ref_col,delete_referential_action_desc,update_referential_action_desc
----,------------,----------,---------,-------,------------------------------,------------------------------
FK_AspNetRoleClaims_AspNetRoles_RoleId,AspNetRoleClaims,RoleId,AspNetRoles,Id,CASCADE,NO_ACTION
FK_AspNetUserClaims_AspNetUsers_UserId,AspNetUserClaims,UserId,AspNetUsers,Id,CASCADE,NO_ACTION
FK_AspNetUserLogins_AspNetUsers_UserId,AspNetUserLogins,UserId,AspNetUsers,Id,CASCADE,NO_ACTION
FK_AspNetUserRoles_AspNetRoles_RoleId,AspNetUserRoles,RoleId,AspNetRoles,Id,CASCADE,NO_ACTION
FK_AspNetUserRoles_AspNetUsers_UserId,AspNetUserRoles,UserId,AspNetUsers,Id,CASCADE,NO_ACTION
FK_Tbl_anticipos_clientes_Tbl_anticipos_clientes,Tbl_anticipos_clientes,Id_Empresa,Tbl_anticipos_clientes,Id_Empresa,NO_ACTION,NO_ACTION
FK_Tbl_anticipos_clientes_Tbl_anticipos_clientes,Tbl_anticipos_clientes,Id_Numero_Anticipo,Tbl_anticipos_clientes,Id_Numero_Anticipo,NO_ACTION,NO_ACTION
FK_Tbl_anticipos_clientes_forma_cobro_Tbl_anticipos_clientes,Tbl_anticipos_clientes_forma_cobro,Id_Numero_anticipo,Tbl_anticipos_clientes,Id_Numero_Anticipo,CASCADE,NO_ACTION
FK_Tbl_anticipos_clientes_forma_cobro_Tbl_anticipos_clientes,Tbl_anticipos_clientes_forma_cobro,Id_empresa,Tbl_anticipos_clientes,Id_Empresa,CASCADE,NO_ACTION
FK_Tbl_bodega_empresas,Tbl_bodega,Id_Empresa,empresas,Id_Empresa,NO_ACTION,NO_ACTION
FK_tbl_cab_entrega_despacho_Tbl_solicitud_despacho_cliente,tbl_cab_entrega_despacho,Id_empresa,Tbl_solicitud_despacho_cliente,Id_empresa,NO_ACTION,NO_ACTION
FK_tbl_cab_entrega_despacho_Tbl_solicitud_despacho_cliente,tbl_cab_entrega_despacho,Id_solicitud_despacho,Tbl_solicitud_despacho_cliente,Id_solicitud_despacho,NO_ACTION,NO_ACTION
FK_Tbl_Cab_Facturacion_Tbl_Vendedores,Tbl_Cab_Facturacion,Id_Empresa,Tbl_Vendedores,Id_Empresa,NO_ACTION,NO_ACTION
FK_Tbl_Cab_Facturacion_Tbl_Vendedores,Tbl_Cab_Facturacion,Id_empleado,Tbl_Vendedores,Id_Empleado,NO_ACTION,NO_ACTION
FK_Tbl_Cab_generacion_compras_Tbl_bodega,Tbl_Cab_generacion_compras,Id_empresa,Tbl_bodega,Id_Empresa,NO_ACTION,NO_ACTION
FK_Tbl_Cab_generacion_compras_Tbl_bodega,Tbl_Cab_generacion_compras,Id_bodega,Tbl_bodega,Id_Bodega,NO_ACTION,NO_ACTION
FK_Tbl_cabecera_movimientos_Tbl_Tipos_Inv,Tbl_cabecera_movimientos,Id_Empresa,Tbl_Tipos_Inv,Id_Empresa,NO_ACTION,NO_ACTION
FK_Tbl_cabecera_movimientos_Tbl_Tipos_Inv,Tbl_cabecera_movimientos,Id_Tipo,Tbl_Tipos_Inv,Id_Tipo,NO_ACTION,NO_ACTION
FK_Tbl_cabecera_movimientos_Tbl_Proveedores,Tbl_cabecera_movimientos,Id_Empresa,Tbl_Proveedores,Id_Empresa,CASCADE,NO_ACTION
FK_Tbl_cabecera_movimientos_Tbl_Proveedores,Tbl_cabecera_movimientos,Nit,Tbl_Proveedores,Nit,CASCADE,NO_ACTION
FK_Tbl_cabecera_orden_produccion_Tbl_cabecera_orden_produccion,Tbl_cabecera_orden_produccion,Id_Empresa,Tbl_Proveedores,Id_Empresa,NO_ACTION,NO_ACTION
FK_Tbl_cabecera_orden_produccion_Tbl_cabecera_orden_produccion,Tbl_cabecera_orden_produccion,Nit,Tbl_Proveedores,Nit,NO_ACTION,NO_ACTION
FK_tbl_cliente_gasolina_tbl_cliente_gasolina,tbl_cliente_gasolina,id_empresa,Tbl_Proveedores,Id_Empresa,NO_ACTION,NO_ACTION
FK_tbl_cliente_gasolina_tbl_cliente_gasolina,tbl_cliente_gasolina,id_cliente_vale,Tbl_Proveedores,Nit,NO_ACTION,NO_ACTION
FK_Tbl_comanda_Tbl_mesero,Tbl_comanda,Id_empresa,Tbl_mesero,ID_EMPRESA,NO_ACTION,NO_ACTION
FK_Tbl_comanda_Tbl_mesero,Tbl_comanda,Id_mesero,Tbl_mesero,Id_mesero,NO_ACTION,NO_ACTION
FK_Tbl_comanda_detalle_Tbl_Productos,Tbl_comanda_detalle,Id_producto,Tbl_Productos,Id_Producto,NO_ACTION,NO_ACTION
FK_Tbl_comanda_detalle_Tbl_Productos,Tbl_comanda_detalle,Id_empresa,Tbl_Productos,Id_Empresa,NO_ACTION,NO_ACTION
FK_Tbl_comanda_detalle_Tbl_comanda,Tbl_comanda_detalle,Id_empresa,Tbl_comanda,Id_empresa,NO_ACTION,NO_ACTION
FK_Tbl_comanda_detalle_Tbl_comanda,Tbl_comanda_detalle,Id_comanda,Tbl_comanda,Id_comanda,NO_ACTION,NO_ACTION
FK_Tbl_contabiliza_anticipos_clientes_Tbl_anticipos_clientes,Tbl_contabiliza_anticipos_clientes,Id_empresa,Tbl_anticipos_clientes,Id_Empresa,NO_ACTION,NO_ACTION
FK_Tbl_contabiliza_anticipos_clientes_Tbl_anticipos_clientes,Tbl_contabiliza_anticipos_clientes,Id_Numero_anticipo,Tbl_anticipos_clientes,Id_Numero_Anticipo,NO_ACTION,NO_ACTION
FK_Tbl_Contabiliza_Cuentas_por_cobrar_Tbl_cuentas_por_cobrar,Tbl_Contabiliza_Cuentas_por_cobrar,Id_Empresa,Tbl_cuentas_por_cobrar,Id_Empresa,NO_ACTION,NO_ACTION
FK_Tbl_Contabiliza_Cuentas_por_cobrar_Tbl_cuentas_por_cobrar,Tbl_Contabiliza_Cuentas_por_cobrar,Nit,Tbl_cuentas_por_cobrar,Nit,NO_ACTION,NO_ACTION
FK_Tbl_Contabiliza_Cuentas_por_cobrar_Tbl_cuentas_por_cobrar,Tbl_Contabiliza_Cuentas_por_cobrar,Serie,Tbl_cuentas_por_cobrar,Serie,NO_ACTION,NO_ACTION
FK_Tbl_Contabiliza_Cuentas_por_cobrar_Tbl_cuentas_por_cobrar,Tbl_Contabiliza_Cuentas_por_cobrar,Tipo_docto,Tbl_cuentas_por_cobrar,Tipo_docto,NO_ACTION,NO_ACTION
FK_Tbl_Contabiliza_Cuentas_por_cobrar_Tbl_cuentas_por_cobrar,Tbl_Contabiliza_Cuentas_por_cobrar,Numero_docto,Tbl_cuentas_por_cobrar,Numero_docto,NO_ACTION,NO_ACTION
FK_Tbl_cotizacion_clientes_Tbl_Proveedores,Tbl_cotizacion_clientes,Id_Empresa,Tbl_Proveedores,Id_Empresa,NO_ACTION,NO_ACTION
FK_Tbl_cotizacion_clientes_Tbl_Proveedores,Tbl_cotizacion_clientes,Nit,Tbl_Proveedores,Nit,NO_ACTION,NO_ACTION
FK_Tbl_cotizacion_clientes_detalle_Tbl_Productos,Tbl_cotizacion_clientes_detalle,Id_Empresa,Tbl_Productos,Id_Empresa,NO_ACTION,NO_ACTION
FK_Tbl_cotizacion_clientes_detalle_Tbl_Productos,Tbl_cotizacion_clientes_detalle,Id_Producto,Tbl_Productos,Id_Producto,NO_ACTION,NO_ACTION
FK_Tbl_cotizacion_clientes_detalle_Tbl_cotizacion_clientes,Tbl_cotizacion_clientes_detalle,Id_Empresa,Tbl_cotizacion_clientes,Id_Empresa,CASCADE,NO_ACTION
FK_Tbl_cotizacion_clientes_detalle_Tbl_cotizacion_clientes,Tbl_cotizacion_clientes_detalle,Id_Cotizacion,Tbl_cotizacion_clientes,Id_Cotizacion,CASCADE,NO_ACTION
FK_Tbl_cuentas_por_cobrar_Tbl_grupo_cliente,Tbl_cuentas_por_cobrar,Id_Empresa,Tbl_grupo_cliente,Id_empresa,NO_ACTION,NO_ACTION
FK_Tbl_cuentas_por_cobrar_Tbl_grupo_cliente,Tbl_cuentas_por_cobrar,Id_grupo_cliente,Tbl_grupo_cliente,Id_grupo_cliente,NO_ACTION,NO_ACTION
FK_Tbl_cuentas_por_cobrar_Tbl_Ente_facturador,Tbl_cuentas_por_cobrar,Id_Empresa,Tbl_Ente_facturador,Id_Empresa,NO_ACTION,NO_ACTION
FK_Tbl_cuentas_por_cobrar_Tbl_Ente_facturador,Tbl_cuentas_por_cobrar,Nit,Tbl_Ente_facturador,Nit,NO_ACTION,NO_ACTION
FK_Tbl_cuentas_por_cobrar_Tbl_Ente_facturador,Tbl_cuentas_por_cobrar,id_ente_facturador,Tbl_Ente_facturador,Id_Ente_facturador,NO_ACTION,NO_ACTION
FK_Tbl_cuentas_por_cobrar_integracion_plantilla_Tbl_cuentas_por_cobrar,Tbl_cuentas_por_cobrar_integracion_plantilla,Id_empresa,Tbl_cuentas_por_cobrar,Id_Empresa,NO_ACTION,NO_ACTION
FK_Tbl_cuentas_por_cobrar_integracion_plantilla_Tbl_cuentas_por_cobrar,Tbl_cuentas_por_cobrar_integracion_plantilla,Nit,Tbl_cuentas_por_cobrar,Nit,NO_ACTION,NO_ACTION
FK_Tbl_cuentas_por_cobrar_integracion_plantilla_Tbl_cuentas_por_cobrar,Tbl_cuentas_por_cobrar_integracion_plantilla,Serie,Tbl_cuentas_por_cobrar,Serie,NO_ACTION,NO_ACTION
FK_Tbl_cuentas_por_cobrar_integracion_plantilla_Tbl_cuentas_por_cobrar,Tbl_cuentas_por_cobrar_integracion_plantilla,Tipo_docto,Tbl_cuentas_por_cobrar,Tipo_docto,NO_ACTION,NO_ACTION
FK_Tbl_cuentas_por_cobrar_integracion_plantilla_Tbl_cuentas_por_cobrar,Tbl_cuentas_por_cobrar_integracion_plantilla,Numero_docto,Tbl_cuentas_por_cobrar,Numero_docto,NO_ACTION,NO_ACTION
FK_Tbl_cuentas_por_cobrar_retencion_iva_Tbl_cuentas_por_cobrar,Tbl_cuentas_por_cobrar_retencion_iva,Id_empresa,Tbl_cuentas_por_cobrar,Id_Empresa,CASCADE,NO_ACTION
FK_Tbl_cuentas_por_cobrar_retencion_iva_Tbl_cuentas_por_cobrar,Tbl_cuentas_por_cobrar_retencion_iva,Nit,Tbl_cuentas_por_cobrar,Nit,CASCADE,NO_ACTION
FK_Tbl_cuentas_por_cobrar_retencion_iva_Tbl_cuentas_por_cobrar,Tbl_cuentas_por_cobrar_retencion_iva,Serie,Tbl_cuentas_por_cobrar,Serie,CASCADE,NO_ACTION
FK_Tbl_cuentas_por_cobrar_retencion_iva_Tbl_cuentas_por_cobrar,Tbl_cuentas_por_cobrar_retencion_iva,Tipo_docto,Tbl_cuentas_por_cobrar,Tipo_docto,CASCADE,NO_ACTION
FK_Tbl_cuentas_por_cobrar_retencion_iva_Tbl_cuentas_por_cobrar,Tbl_cuentas_por_cobrar_retencion_iva,Numero_docto,Tbl_cuentas_por_cobrar,Numero_docto,CASCADE,NO_ACTION
FK_Tbl_departamentos_Tbl_departamentos,Tbl_departamentos,Id_Empresa,Tbl_departamentos,Id_Empresa,NO_ACTION,NO_ACTION
FK_Tbl_departamentos_Tbl_departamentos,Tbl_departamentos,Id_depto,Tbl_departamentos,Id_depto,NO_ACTION,NO_ACTION
FK_Tbl_departamentos_Tbl_departamentos1,Tbl_departamentos,Id_Empresa,Tbl_departamentos,Id_Empresa,NO_ACTION,NO_ACTION
FK_Tbl_departamentos_Tbl_departamentos1,Tbl_departamentos,Id_depto,Tbl_departamentos,Id_depto,NO_ACTION,NO_ACTION
FK_Tbl_Det_Abonos_Tbl_Abonos,Tbl_Det_Abonos,Id_Empresa,Tbl_Abonos,Id_Empresa,NO_ACTION,NO_ACTION
FK_Tbl_Det_Abonos_Tbl_Abonos,Tbl_Det_Abonos,Id_Tipo_Pago,Tbl_Abonos,Id_Tipo_Pago,NO_ACTION,NO_ACTION
FK_Tbl_Det_Abonos_Tbl_Abonos,Tbl_Det_Abonos,Numero_Pago,Tbl_Abonos,Numero_Pago,NO_ACTION,NO_ACTION
FK_tbl_det_entrega_despacho_tbl_cab_entrega_despacho,tbl_det_entrega_despacho,Id_empresa,tbl_cab_entrega_despacho,Id_empresa,NO_ACTION,NO_ACTION
FK_tbl_det_entrega_despacho_tbl_cab_entrega_despacho,tbl_det_entrega_despacho,Numero,tbl_cab_entrega_despacho,Numero,NO_ACTION,NO_ACTION
FK_Tbl_det_explosion_Tbl_producto_conversion,Tbl_det_explosion,Id_empresa,Tbl_producto_conversion,Id_empresa,NO_ACTION,NO_ACTION
FK_Tbl_det_explosion_Tbl_producto_conversion,Tbl_det_explosion,Id_conversion,Tbl_producto_conversion,Id_conversion,NO_ACTION,NO_ACTION
FK_Tbl_det_explosion_empresas,Tbl_det_explosion,Id_empresa,empresas,Id_Empresa,NO_ACTION,NO_ACTION
FK_Tbl_Det_Facturacion_Tbl_Cab_Facturacion,Tbl_Det_Facturacion,Id_Caja,Tbl_Cab_Facturacion,Id_Caja,NO_ACTION,NO_ACTION
FK_Tbl_Det_Facturacion_Tbl_Cab_Facturacion,Tbl_Det_Facturacion,Id_Empresa,Tbl_Cab_Facturacion,Id_Empresa,NO_ACTION,NO_ACTION
FK_Tbl_Det_Facturacion_Tbl_Cab_Facturacion,Tbl_Det_Facturacion,Numero,Tbl_Cab_Facturacion,Numero,NO_ACTION,NO_ACTION
FK_Tbl_Det_Facturacion_Tbl_Cab_Facturacion,Tbl_Det_Facturacion,Id_Tipo,Tbl_Cab_Facturacion,Id_Tipo,NO_ACTION,NO_ACTION
FK_Tbl_Det_Facturacion_Tbl_Cab_Facturacion,Tbl_Det_Facturacion,Serie,Tbl_Cab_Facturacion,Serie,NO_ACTION,NO_ACTION
FK_Tbl_Det_Facturacion_Tbl_Cab_Facturacion,Tbl_Det_Facturacion,Autorizacion,Tbl_Cab_Facturacion,Autorizacion,NO_ACTION,NO_ACTION
FK_Tbl_Det_Facturacion_SProducto_Tbl_Det_Facturacion,Tbl_Det_Facturacion_SProducto,Id_Empresa,Tbl_Det_Facturacion,Id_Empresa,NO_ACTION,NO_ACTION
FK_Tbl_Det_Facturacion_SProducto_Tbl_Det_Facturacion,Tbl_Det_Facturacion_SProducto,Id_Caja,Tbl_Det_Facturacion,Id_Caja,NO_ACTION,NO_ACTION
FK_Tbl_Det_Facturacion_SProducto_Tbl_Det_Facturacion,Tbl_Det_Facturacion_SProducto,Autorizacion,Tbl_Det_Facturacion,Autorizacion,NO_ACTION,NO_ACTION
FK_Tbl_Det_Facturacion_SProducto_Tbl_Det_Facturacion,Tbl_Det_Facturacion_SProducto,Serie,Tbl_Det_Facturacion,Serie,NO_ACTION,NO_ACTION
FK_Tbl_Det_Facturacion_SProducto_Tbl_Det_Facturacion,Tbl_Det_Facturacion_SProducto,Id_Tipo,Tbl_Det_Facturacion,Id_Tipo,NO_ACTION,NO_ACTION
FK_Tbl_Det_Facturacion_SProducto_Tbl_Det_Facturacion,Tbl_Det_Facturacion_SProducto,Numero,Tbl_Det_Facturacion,Numero,NO_ACTION,NO_ACTION
FK_Tbl_Det_Facturacion_SProducto_Tbl_Det_Facturacion,Tbl_Det_Facturacion_SProducto,Linea,Tbl_Det_Facturacion,Linea,NO_ACTION,NO_ACTION
FK_Tbl_Det_Oferta_Tbl_Cab_oferta,Tbl_Det_Oferta,Numero_oferta,Tbl_Cab_Oferta,Numero_oferta,NO_ACTION,NO_ACTION
FK_Tbl_Det_Oferta_Tbl_Cab_oferta,Tbl_Det_Oferta,Id_empresa,Tbl_Cab_Oferta,Id_Empresa,NO_ACTION,NO_ACTION
FK_Tbl_Detalle_generacion_compra_Tbl_Detalle_generacion_compra,Tbl_Detalle_generacion_compra,Numero,Tbl_Cab_generacion_compras,Numero,NO_ACTION,NO_ACTION
FK_Tbl_Detalle_generacion_compra_Tbl_Detalle_generacion_compra,Tbl_Detalle_generacion_compra,Serie,Tbl_Cab_generacion_compras,Serie,NO_ACTION,NO_ACTION
FK_Tbl_Detalle_generacion_compra_Tbl_Detalle_generacion_compra,Tbl_Detalle_generacion_compra,Nit,Tbl_Cab_generacion_compras,Nit,NO_ACTION,NO_ACTION
FK_Tbl_Detalle_generacion_compra_Tbl_Detalle_generacion_compra,Tbl_Detalle_generacion_compra,Id_bodega,Tbl_Cab_generacion_compras,Id_bodega,NO_ACTION,NO_ACTION
FK_Tbl_Detalle_generacion_compra_Tbl_Detalle_generacion_compra,Tbl_Detalle_generacion_compra,Periodo,Tbl_Cab_generacion_compras,Periodo,NO_ACTION,NO_ACTION
FK_Tbl_Detalle_generacion_compra_Tbl_Detalle_generacion_compra,Tbl_Detalle_generacion_compra,Id_empresa,Tbl_Cab_generacion_compras,Id_empresa,NO_ACTION,NO_ACTION
FK_Tbl_Detalle_movimientos_Tbl_cabecera_movimientos,Tbl_Detalle_movimientos,Id_Empresa,Tbl_cabecera_movimientos,Id_Empresa,NO_ACTION,NO_ACTION
FK_Tbl_Detalle_movimientos_Tbl_cabecera_movimientos,Tbl_Detalle_movimientos,Periodo,Tbl_cabecera_movimientos,Periodo,NO_ACTION,NO_ACTION
FK_Tbl_Detalle_movimientos_Tbl_cabecera_movimientos,Tbl_Detalle_movimientos,Id_Bodega,Tbl_cabecera_movimientos,Id_Bodega,NO_ACTION,NO_ACTION
FK_Tbl_Detalle_movimientos_Tbl_cabecera_movimientos,Tbl_Detalle_movimientos,Id_Tipo,Tbl_cabecera_movimientos,Id_Tipo,NO_ACTION,NO_ACTION
FK_Tbl_Detalle_movimientos_Tbl_cabecera_movimientos,Tbl_Detalle_movimientos,Numero,Tbl_cabecera_movimientos,Numero,NO_ACTION,NO_ACTION
FK_Tbl_Detalle_movimientos_Tbl_cabecera_movimientos,Tbl_Detalle_movimientos,Nit,Tbl_cabecera_movimientos,Nit,NO_ACTION,NO_ACTION
FK_Tbl_detalle_orden_produccion_Tbl_detalle_orden_produccion,Tbl_detalle_orden_produccion,Id_Empresa,Tbl_Productos,Id_Empresa,NO_ACTION,NO_ACTION
FK_Tbl_detalle_orden_produccion_Tbl_detalle_orden_produccion,Tbl_detalle_orden_produccion,Id_producto,Tbl_Productos,Id_Producto,NO_ACTION,NO_ACTION
FK_Tbl_detalle_pedidos_Tbl_pedidos,Tbl_detalle_pedidos,Id_Empresa,Tbl_pedidos,Id_Empresa,NO_ACTION,NO_ACTION
FK_Tbl_detalle_pedidos_Tbl_pedidos,Tbl_detalle_pedidos,Id_Pedido,Tbl_pedidos,Id_Pedido,NO_ACTION,NO_ACTION
FK_Tbl_Division_empresas,Tbl_Division,Id_Empresa,empresas,Id_Empresa,NO_ACTION,NO_ACTION
FK_Tbl_existencia_Tbl_bodega,Tbl_existencia,Id_Empresa,Tbl_bodega,Id_Empresa,NO_ACTION,NO_ACTION
FK_Tbl_existencia_Tbl_bodega,Tbl_existencia,Id_Bodega,Tbl_bodega,Id_Bodega,NO_ACTION,NO_ACTION
FK_TblFlujoOrden_TblOrdenCocina_IdOrden,Tbl_Flujo_Orden,Id_Orden,Tbl_Orden_Cocina,Id,CASCADE,NO_ACTION
FK_Tbl_impuesto_carburantes_empresas,Tbl_impuesto_carburantes,Id_Empresa,empresas,Id_Empresa,NO_ACTION,NO_ACTION
FK_TblInfoUsuario_AspNetUsers_UserID,Tbl_Info_Usuario,User_ID,AspNetUsers,Id,NO_ACTION,NO_ACTION
FK_Tbl_inventario_fisico_Tbl_bodega,Tbl_inventario_fisico,Id_empresa,Tbl_bodega,Id_Empresa,NO_ACTION,NO_ACTION
FK_Tbl_inventario_fisico_Tbl_bodega,Tbl_inventario_fisico,Id_bodega,Tbl_bodega,Id_Bodega,NO_ACTION,NO_ACTION
FK_Tbl_inventario_fisico_detalle_Tbl_inventario_fisico,Tbl_inventario_fisico_detalle,Id_empresa,Tbl_inventario_fisico,Id_empresa,CASCADE,NO_ACTION
FK_Tbl_inventario_fisico_detalle_Tbl_inventario_fisico,Tbl_inventario_fisico_detalle,Id_inventario,Tbl_inventario_fisico,Id_inventario,CASCADE,NO_ACTION
FK_Tbl_inventario_fisico_detalle_Tbl_inventario_fisico,Tbl_inventario_fisico_detalle,Id_transac,Tbl_inventario_fisico,Id_transac,CASCADE,NO_ACTION
FK_Tbl_inventario_fisico_detalle_Tbl_Productos,Tbl_inventario_fisico_detalle,Id_empresa,Tbl_Productos,Id_Empresa,NO_ACTION,NO_ACTION
FK_Tbl_inventario_fisico_detalle_Tbl_Productos,Tbl_inventario_fisico_detalle,Id_producto,Tbl_Productos,Id_Producto,NO_ACTION,NO_ACTION
FK_Tbl_Linea_Tbl_departamentos,Tbl_Linea,Id_Depto,Tbl_departamentos,Id_depto,NO_ACTION,NO_ACTION
FK_Tbl_Linea_Tbl_departamentos,Tbl_Linea,Id_Empresa,Tbl_departamentos,Id_Empresa,NO_ACTION,NO_ACTION
FK_Tbl_Mproyecto_empresas,Tbl_Mproyecto,Id_Empresa,empresas,Id_Empresa,NO_ACTION,NO_ACTION
FK_TblOrdenCocina_TblEstadoOrden_EstadoOrden,Tbl_Orden_Cocina,Estado_Orden,Tbl_Estado_Orden,Id,CASCADE,NO_ACTION
FK_Tbl_Orden_Compra_Proyecto_Detalle_Tbl_Orden_Compra_Proyecto,Tbl_Orden_Compra_Proyecto_Detalle,Id_Orden_Compra_Proyecto,Tbl_Orden_Compra_Proyecto,Id_Orden_Compra_Proyecto,NO_ACTION,NO_ACTION
FK_Tbl_Orden_Servicio_Detalle_Tbl_Orden_Servicio,Tbl_Orden_Servicio_Detalle,Id_Empresa,Tbl_Orden_Servicio,Id_Empresa,NO_ACTION,NO_ACTION
FK_Tbl_Orden_Servicio_Detalle_Tbl_Orden_Servicio,Tbl_Orden_Servicio_Detalle,Id_Orden,Tbl_Orden_Servicio,Id_Orden,NO_ACTION,NO_ACTION
FK_Tbl_Orden_Servicio_Detalle_Integracion_Tbl_Orden_Servicio_Detalle,Tbl_Orden_Servicio_Detalle_Integracion,Id_Empresa,Tbl_Orden_Servicio_Detalle,Id_Empresa,NO_ACTION,NO_ACTION
FK_Tbl_Orden_Servicio_Detalle_Integracion_Tbl_Orden_Servicio_Detalle,Tbl_Orden_Servicio_Detalle_Integracion,Id_Orden,Tbl_Orden_Servicio_Detalle,Id_Orden,NO_ACTION,NO_ACTION
FK_Tbl_Orden_Servicio_Detalle_Integracion_Tbl_Orden_Servicio_Detalle,Tbl_Orden_Servicio_Detalle_Integracion,Linea,Tbl_Orden_Servicio_Detalle,Linea,NO_ACTION,NO_ACTION
FK_Tbl_plantilla_poliza_detalle_Tbl_plantilla_poliza,Tbl_plantilla_poliza_detalle,Id_empresa,Tbl_plantilla_poliza,Id_empresa,NO_ACTION,NO_ACTION
FK_Tbl_plantilla_poliza_detalle_Tbl_plantilla_poliza,Tbl_plantilla_poliza_detalle,Nombre_poliza,Tbl_plantilla_poliza,Nombre_poliza,NO_ACTION,NO_ACTION
FK_tbl_presupuesto_orden_servicio_Tbl_Proveedores,Tbl_Presupuesto_Orden_Servicio,Id_Empresa,Tbl_Proveedores,Id_Empresa,NO_ACTION,NO_ACTION
FK_tbl_presupuesto_orden_servicio_Tbl_Proveedores,Tbl_Presupuesto_Orden_Servicio,Nit,Tbl_Proveedores,Nit,NO_ACTION,NO_ACTION
FK_Tbl_presupuesto_servicio_detalle_Tbl_presupuesto_servicio,Tbl_presupuesto_servicio_detalle,Id_presupuesto,Tbl_presupuesto_servicio,Id_presupuesto,NO_ACTION,NO_ACTION
FK_Tbl_presupuesto_servicio_detalle_Tbl_presupuesto_servicio,Tbl_presupuesto_servicio_detalle,Id_empresa,Tbl_presupuesto_servicio,Id_empresa,NO_ACTION,NO_ACTION
FK_Tbl_producto_conversion_Tbl_Productos1,Tbl_producto_conversion,Id_producto_convertido,Tbl_Productos,Id_Producto,NO_ACTION,NO_ACTION
FK_Tbl_producto_conversion_Tbl_Productos,Tbl_producto_conversion,Id_empresa,Tbl_Productos,Id_Empresa,NO_ACTION,NO_ACTION
FK_Tbl_producto_conversion_Tbl_Productos,Tbl_producto_conversion,Id_producto,Tbl_Productos,Id_Producto,NO_ACTION,NO_ACTION
FK_Tbl_producto_conversion_Tbl_Productos1,Tbl_producto_conversion,Id_empresa,Tbl_Productos,Id_Empresa,NO_ACTION,NO_ACTION
FK_Tbl_producto_conversion_Tbl_Tipos_Inv,Tbl_producto_conversion,Id_empresa,Tbl_Tipos_Inv,Id_Empresa,NO_ACTION,NO_ACTION
FK_Tbl_producto_conversion_Tbl_Tipos_Inv,Tbl_producto_conversion,Id_tipo_salida,Tbl_Tipos_Inv,Id_Tipo,NO_ACTION,NO_ACTION
FK_Tbl_producto_conversion_Tbl_Tipos_Inv1,Tbl_producto_conversion,Id_empresa,Tbl_Tipos_Inv,Id_Empresa,NO_ACTION,NO_ACTION
FK_Tbl_producto_conversion_Tbl_Tipos_Inv1,Tbl_producto_conversion,id_tipo_entrada,Tbl_Tipos_Inv,Id_Tipo,NO_ACTION,NO_ACTION
FK_Tbl_Productos_Tbl_articulos,Tbl_Productos,Id_Empresa,Tbl_articulos,Id_Empresa,NO_ACTION,NO_ACTION
FK_Tbl_Productos_Tbl_articulos,Tbl_Productos,Id_Articulo,Tbl_articulos,Id_Articulo,NO_ACTION,NO_ACTION
FK_Tbl_Productos_Tbl_departamentos,Tbl_Productos,Id_Empresa,Tbl_departamentos,Id_Empresa,NO_ACTION,NO_ACTION
FK_Tbl_Productos_Tbl_departamentos,Tbl_Productos,Id_Depto,Tbl_departamentos,Id_depto,NO_ACTION,NO_ACTION
FK_Tbl_Productos_Tbl_Productos,Tbl_Productos,Id_Empresa,Tbl_Productos,Id_Empresa,NO_ACTION,NO_ACTION
FK_Tbl_Productos_Tbl_Productos,Tbl_Productos,Id_Producto,Tbl_Productos,Id_Producto,NO_ACTION,NO_ACTION
FK_Tbl_Productos_Tbl_Unidad_Medida,Tbl_Productos,Id_Empresa,Tbl_Unidad_Medida,Id_Empresa,NO_ACTION,NO_ACTION
FK_Tbl_Productos_Tbl_Unidad_Medida,Tbl_Productos,Id_medida,Tbl_Unidad_Medida,Id_medida,NO_ACTION,NO_ACTION
FK_Tbl_Productos_Tbl_Unidad_Medida1,Tbl_Productos,Id_Empresa,Tbl_Unidad_Medida,Id_Empresa,NO_ACTION,NO_ACTION
FK_Tbl_Productos_Tbl_Unidad_Medida1,Tbl_Productos,Id_medida1,Tbl_Unidad_Medida,Id_medida,NO_ACTION,NO_ACTION
FK_Tbl_Proveedores_Tbl_Proveedores,Tbl_Proveedores,Id_Empresa,Tbl_Proveedores,Id_Empresa,NO_ACTION,NO_ACTION
FK_Tbl_Proveedores_Tbl_Proveedores,Tbl_Proveedores,Nit,Tbl_Proveedores,Nit,NO_ACTION,NO_ACTION
FK_Tbl_Proveedores_Tbl_configuracion_agente_retenedor_iva,Tbl_Proveedores,Tipo_agente_retenedor_iva,Tbl_configuracion_agente_retenedor_iva,Id_agente_retencion_iva,NO_ACTION,NO_ACTION
FK_Tbl_Proveedores_Tbl_configuracion_agente_retenedor_iva,Tbl_Proveedores,Id_Empresa,Tbl_configuracion_agente_retenedor_iva,Id_empresa,NO_ACTION,NO_ACTION
FK_Tbl_Proveedores_Tbl_grupo_cliente,Tbl_Proveedores,Id_Empresa,Tbl_grupo_cliente,Id_empresa,NO_ACTION,NO_ACTION
FK_Tbl_Proveedores_Tbl_grupo_cliente,Tbl_Proveedores,Id_grupo_cliente,Tbl_grupo_cliente,Id_grupo_cliente,NO_ACTION,NO_ACTION
FK_Tbl_Proyecto_Tbl_Mproyecto,Tbl_Proyecto,Id_Transaccion_Mproyecto,Tbl_Mproyecto,Id_Transaccion_Mproyecto,NO_ACTION,NO_ACTION
FK_Tbl_recepcion_pedidos_detalle_Tbl_recepcion_pedidos,Tbl_recepcion_pedidos_detalle,Id_empresa,Tbl_recepcion_pedidos,Id_empresa,NO_ACTION,NO_ACTION
FK_Tbl_recepcion_pedidos_detalle_Tbl_recepcion_pedidos,Tbl_recepcion_pedidos_detalle,Id_recepcion,Tbl_recepcion_pedidos,Id_recepcion,NO_ACTION,NO_ACTION
FK_Tbl_recepcion_pedidos_detalle_Tbl_recepcion_pedidos,Tbl_recepcion_pedidos_detalle,Id_pedido,Tbl_recepcion_pedidos,Id_pedido,NO_ACTION,NO_ACTION
FK_Tbl_Series_empresas,Tbl_Series,Id_Empresa,empresas,Id_Empresa,NO_ACTION,NO_ACTION
FK_Tbl_Series_Por_Caja_Tbl_Cajas,Tbl_Series_Por_Caja,Id_Empresa,Tbl_Cajas,Id_Empresa,NO_ACTION,NO_ACTION
FK_Tbl_Series_Por_Caja_Tbl_Cajas,Tbl_Series_Por_Caja,Id_Caja,Tbl_Cajas,Id_Caja,NO_ACTION,NO_ACTION
FK_Tbl_solicitud_despacho_cliente_Tbl_Vendedores,Tbl_solicitud_despacho_cliente,Id_empresa,Tbl_Vendedores,Id_Empresa,NO_ACTION,NO_ACTION
FK_Tbl_solicitud_despacho_cliente_Tbl_Vendedores,Tbl_solicitud_despacho_cliente,Id_empleado,Tbl_Vendedores,Id_Empleado,NO_ACTION,NO_ACTION
FK_Tbl_solicitud_despacho_cliente_empresas,Tbl_solicitud_despacho_cliente,Id_empresa,empresas,Id_Empresa,NO_ACTION,NO_ACTION
FK_Tbl_solicitud_despacho_cliente_Tbl_Proveedores,Tbl_solicitud_despacho_cliente,Id_empresa,Tbl_Proveedores,Id_Empresa,NO_ACTION,NO_ACTION
FK_Tbl_solicitud_despacho_cliente_Tbl_Proveedores,Tbl_solicitud_despacho_cliente,Nit_cliente,Tbl_Proveedores,Nit,NO_ACTION,NO_ACTION
FK_tbl_solicitud_Despacho_cliente_detalle_Tbl_Productos,tbl_solicitud_Despacho_cliente_detalle,Id_empresa,Tbl_Productos,Id_Empresa,NO_ACTION,NO_ACTION
FK_tbl_solicitud_Despacho_cliente_detalle_Tbl_Productos,tbl_solicitud_Despacho_cliente_detalle,Id_producto,Tbl_Productos,Id_Producto,NO_ACTION,NO_ACTION
FK_tbl_solicitud_Despacho_cliente_detalle_Tbl_solicitud_despacho_cliente,tbl_solicitud_Despacho_cliente_detalle,Id_empresa,Tbl_solicitud_despacho_cliente,Id_empresa,CASCADE,NO_ACTION
FK_tbl_solicitud_Despacho_cliente_detalle_Tbl_solicitud_despacho_cliente,tbl_solicitud_Despacho_cliente_detalle,Id_solicitud_despacho,Tbl_solicitud_despacho_cliente,Id_solicitud_despacho,CASCADE,NO_ACTION
FK_tbl_solicitud_Despacho_cliente_detalle_Tbl_Proveedores,tbl_solicitud_Despacho_cliente_detalle,Id_empresa,Tbl_Proveedores,Id_Empresa,NO_ACTION,NO_ACTION
FK_tbl_solicitud_Despacho_cliente_detalle_Tbl_Proveedores,tbl_solicitud_Despacho_cliente_detalle,Nit,Tbl_Proveedores,Nit,NO_ACTION,NO_ACTION
FK_Tbl_Rubro_Proyecto_Tbl_Proyecto,Tbl_SubRubro_Proyecto,Id_Transaccion_Proyecto,Tbl_Proyecto,Id_transaccion_Proyecto,NO_ACTION,NO_ACTION
FK_Tbl_Vehiculos_Tbl_Proveedores,Tbl_Vehiculos,Id_Empresa,Tbl_Proveedores,Id_Empresa,NO_ACTION,NO_ACTION
FK_Tbl_Vehiculos_Tbl_Proveedores,Tbl_Vehiculos,nit,Tbl_Proveedores,Nit,NO_ACTION,NO_ACTION
FK_Tbl_Vendedores_empresas,Tbl_Vendedores,Id_Empresa,empresas,Id_Empresa,NO_ACTION,NO_ACTION
FK_TblRolOpcion_AspNetRoles_RolId,TblRolOpcion,RolId,AspNetRoles,Id,NO_ACTION,NO_ACTION
FK_TblRolOpcion_TblOpcion_OpcionId,TblRolOpcion,OpcionId,TblOpcion,Id,CASCADE,NO_ACTION

(178 rows affected)
